wallet_id,aggregated_lp_score,reason,lp_scores[0].pool_id,lp_scores[1].pool_id,lp_scores[2].pool_id,lp_scores[3].pool_id,lp_scores[4].pool_id,lp_scores[5].pool_id,lp_scores[6].pool_id,lp_scores[7].pool_id,lp_scores[8].pool_id,lp_scores[9].pool_id,lp_scores[10].pool_id,lp_scores[11].pool_id,lp_scores[12].pool_id
0x0156ff30a13abbe641cb17f33967eb67feafeb4e,212.5,High deposits + retention but low score,0x4585fe77225b41b697c938b018e2ac67ac5a20c0,,,,,,,,,,,,
0x0231c2286df7f0fd6468e8741e8047bf68db43ee,244.12,High deposits + retention but low score,0x4e68ccd3e89f51c3074ca5072bbac773960dfa36,0xd0b53d9277642d899df5c87a3966a349a798f224,,,,,,,,,,,
0x0279431a5e11d234dcf1d4493494db9f06ea42cd,215.0,High deposits + retention but low score,0x4e68ccd3e89f51c3074ca5072bbac773960dfa36,,,,,,,,,,,,
0x04a5f9a2149e039034aadf9f0003936078f6be85,289.0,High deposits + retention but low score,0xade9bcd4b968ee26bed102dd43a55f6a8c2416df,,,,,,,,,,,,
0x08cc4a936a24a278097feb566fccf71ffe84a833,278.8,High deposits + retention but low score,0x167384319b41f7094e62f7506409eb38079abff8,,,,,,,,,,,,
0x08b08d7254909830dde8906bfa05187f58ac8421,166.01,High deposits + retention but low score,0x4585fe77225b41b697c938b018e2ac67ac5a20c0,0x50eaedb835021e4a108b7290636d62e9765cc6d7,,,,,,,,,,,
0x0deca49fe145e27c07b891a8b9d9a7d9fc744f30,285.0,High deposits + retention but low score,0x4e68ccd3e89f51c3074ca5072bbac773960dfa36,,,,,,,,,,,,
0x0e9aed5c7721c642a032812c2c4816f7d6cb87d7,277.95,High deposits + retention but low score,0x4585fe77225b41b697c938b018e2ac67ac5a20c0,,,,,,,,,,,,
0x0e9d806e354eb4235958a294fdef09d18862c02c,263.8,High deposits + retention but low score,0x167384319b41f7094e62f7506409eb38079abff8,0xe8c6c9227491c0a8156a0106a0204d881bb7e531,,,,,,,,,,,
0x0f74008151040141b50d44068f9004ef71327dcd,170.76,High deposits + retention but low score,0x4585fe77225b41b697c938b018e2ac67ac5a20c0,0x8ad599c3a0ff1de082011efddc58f1908eb6e6d8,,,,,,,,,,,
0x108a8b7200d044bbbe95bef6f671baec5473e05f,264.0,High deposits + retention but low score,0x4e68ccd3e89f51c3074ca5072bbac773960dfa36,,,,,,,,,,,,
0x111206594f2fb5927f719b4417ab1da3d41b14b1,197.75,High deposits + retention but low score,0x4585fe77225b41b697c938b018e2ac67ac5a20c0,0xe8c6c9227491c0a8156a0106a0204d881bb7e531,,,,,,,,,,,
0x1092f0de83ea6a81928ee9ae0611f3ef97f944fe,228.65,High deposits + retention but low score,0x4585fe77225b41b697c938b018e2ac67ac5a20c0,,,,,,,,,,,,
0x1336346bad8cb1eeee4e2e95d2a71b2153244d18,257.0,High deposits + retention but low score,0xcbfb0745b8489973bf7b334d54fdbd573df7ef3c,,,,,,,,,,,,
0x12dad3425d0ec383ebd9e86139a103ce119aa0b2,179.57,High deposits + retention but low score,0xdac8a8e6dbf8c690ec6815e0ff03491b2770255d,0xade9bcd4b968ee26bed102dd43a55f6a8c2416df,,,,,,,,,,,
0x14a0947b8fbebe53ad5ef8c5f80f14adbc559d53,220.58,High deposits + retention but low score,0x4585fe77225b41b697c938b018e2ac67ac5a20c0,0x50eaedb835021e4a108b7290636d62e9765cc6d7,,,,,,,,,,,
0x1964f9cffa39ce77611b44dddd21a22290a5283c,259.0,High deposits + retention but low score,0x4e68ccd3e89f51c3074ca5072bbac773960dfa36,,,,,,,,,,,,
0x19ca5682eb33151285569653ea520974bc1f4a83,288.0,High deposits + retention but low score,0x4e68ccd3e89f51c3074ca5072bbac773960dfa36,,,,,,,,,,,,
0x196919d2045e7208bbdbb7c541d6b085a8fcc950,222.03,High deposits + retention but low score,0x4585fe77225b41b697c938b018e2ac67ac5a20c0,0x50eaedb835021e4a108b7290636d62e9765cc6d7,,,,,,,,,,,
0x1a294e224a6eda391b08d5e68d2d0d8bc5d7b8e8,267.75,High deposits + retention but low score,0xdfcfdf5dd0569d591e0bce28b5da3b13de09e3cb,,,,,,,,,,,,
0x1b10ef711c377f8ae903fdad05ea98e0b7a526f7,263.11,High deposits + retention but low score,0x50eaedb835021e4a108b7290636d62e9765cc6d7,0x45dda9cb7c25131df268515131f647d726f50608,,,,,,,,,,,
0x1a9e219feaffd8f876bbbb3f94cd72a512548805,295.95,High deposits + retention but low score,0x4e68ccd3e89f51c3074ca5072bbac773960dfa36,0x4585fe77225b41b697c938b018e2ac67ac5a20c0,,,,,,,,,,,
0x1c45d092cd268f5ec266785e06cb3434a2d75893,292.11,High deposits + retention but low score,0xe8c6c9227491c0a8156a0106a0204d881bb7e531,0x8ad599c3a0ff1de082011efddc58f1908eb6e6d8,,,,,,,,,,,
0x1cf4fe24c4265ebed95ac982e6efa9de168c7775,273.0,High deposits + retention but low score,0x4e68ccd3e89f51c3074ca5072bbac773960dfa36,,,,,,,,,,,,
0x1e5329e5a9cf260c2c0901e6214dce305293f49b,275.4,High deposits + retention but low score,0xba3f945812a83471d709bce9c3ca699a19fb46f7,,,,,,,,,,,,
0x1e13a6dd0e0f7ad1d52344a2b1adab02437961ea,288.15,High deposits + retention but low score,0x4585fe77225b41b697c938b018e2ac67ac5a20c0,,,,,,,,,,,,
0x1d8c5303dfc01d3a486fc7133958b45720cb314a,163.0,High deposits + retention but low score,0x4e68ccd3e89f51c3074ca5072bbac773960dfa36,,,,,,,,,,,,
0x1f034cf3e3110fc9c4bfea799d2efb764548c30e,244.8,High deposits + retention but low score,0x4585fe77225b41b697c938b018e2ac67ac5a20c0,,,,,,,,,,,,
0x2020bcc54ad8f147bc671761a9b9e20b035b20fc,292.7,High deposits + retention but low score,0x4e68ccd3e89f51c3074ca5072bbac773960dfa36,0x8ad599c3a0ff1de082011efddc58f1908eb6e6d8,,,,,,,,,,,
0x1f4d23b9f1e368af1c901319f328ec4547aa845a,287.0,High deposits + retention but low score,0x4e68ccd3e89f51c3074ca5072bbac773960dfa36,,,,,,,,,,,,
0x2085864601ebc35fed9716ace39ec17723c07147,220.0,High deposits + retention but low score,0x4e68ccd3e89f51c3074ca5072bbac773960dfa36,,,,,,,,,,,,
0x21184ee36986655f5f0d94e8c4331f56a0d7de9c,294.1,High deposits + retention but low score,0x7ec18abf80e865c6799069df91073335935c4185,,,,,,,,,,,,
0x220c3fbfe7f64bbb7d129407e6d9b009e9ebc7b6,177.65,High deposits + retention but low score,0xade9bcd4b968ee26bed102dd43a55f6a8c2416df,,,,,,,,,,,,
0x21f346b9a2d29843ac7319f9e63f0fc6b1d20e13,250.53,High deposits + retention but low score,0x4585fe77225b41b697c938b018e2ac67ac5a20c0,0x50eaedb835021e4a108b7290636d62e9765cc6d7,,,,,,,,,,,
0x22fa8cc33a42320385cbd3690ed60a021891cb32,216.0,High deposits + retention but low score,0x4e68ccd3e89f51c3074ca5072bbac773960dfa36,,,,,,,,,,,,
0x23dbad15fd6f68077a8ae654cd58ce2f07b01d2f,208.0,High deposits + retention but low score,0x4e68ccd3e89f51c3074ca5072bbac773960dfa36,,,,,,,,,,,,
0x2452d49ddda63c33ee88c9e30330f3c9bf53bcec,274.55,High deposits + retention but low score,0xa6cc3c2531fdaa6ae1a3ca84c2855806728693e8,,,,,,,,,,,,
0x24207c2cc8eb37de0a7759b6c780510ea27d2c45,218.3,High deposits + retention but low score,0x4585fe77225b41b697c938b018e2ac67ac5a20c0,0xa6cc3c2531fdaa6ae1a3ca84c2855806728693e8,,,,,,,,,,,
0x23ba44d1450f1b075a5d32c1bfd2a42d5e941f3e,270.08,High deposits + retention but low score,0x4585fe77225b41b697c938b018e2ac67ac5a20c0,0xa6cc3c2531fdaa6ae1a3ca84c2855806728693e8,,,,,,,,,,,
0x27b77419682e8ff5c992c8663e3d3bfe8971256a,278.0,High deposits + retention but low score,0x4e68ccd3e89f51c3074ca5072bbac773960dfa36,,,,,,,,,,,,
0x27a04d6a72c95d779f12d45c46c19a9190a90ddb,249.79,High deposits + retention but low score,0x4585fe77225b41b697c938b018e2ac67ac5a20c0,0xe8c6c9227491c0a8156a0106a0204d881bb7e531,,,,,,,,,,,
0x289e5b0b5002baae9fd7c07db623764fb84e546f,265.0,High deposits + retention but low score,0x4e68ccd3e89f51c3074ca5072bbac773960dfa36,,,,,,,,,,,,
0x2ad2465e8411db90c6c3a55e91e6031b7b848999,243.09,High deposits + retention but low score,0xba3f945812a83471d709bce9c3ca699a19fb46f7,0xade9bcd4b968ee26bed102dd43a55f6a8c2416df,,,,,,,,,,,
0x2a032565e00acfb4a91898efa41034a98ea93a74,274.55,High deposits + retention but low score,0xe8c6c9227491c0a8156a0106a0204d881bb7e531,,,,,,,,,,,,
0x2dec32200e4645f14317a2cdd522a37c646232b1,290.7,High deposits + retention but low score,0xa6cc3c2531fdaa6ae1a3ca84c2855806728693e8,,,,,,,,,,,,
0x2dfeb64bb28199a351e11d1e1a3cc926cc182b44,210.0,High deposits + retention but low score,0x4e68ccd3e89f51c3074ca5072bbac773960dfa36,,,,,,,,,,,,
0x2fd1d8eaa6ed1b424c2d03ce5eadde9f301c3235,265.84,High deposits + retention but low score,0x50eaedb835021e4a108b7290636d62e9765cc6d7,0xade9bcd4b968ee26bed102dd43a55f6a8c2416df,,,,,,,,,,,
0x307f1246d7816c57b954b678e425a81f761b2edc,135.43,High deposits + retention but low score,0x167384319b41f7094e62f7506409eb38079abff8,0x50eaedb835021e4a108b7290636d62e9765cc6d7,,,,,,,,,,,
0x319e4a395a5a232e6d3d9230fa1b6b287f4ea165,295.68,High deposits + retention but low score,0x4e68ccd3e89f51c3074ca5072bbac773960dfa36,0xa6cc3c2531fdaa6ae1a3ca84c2855806728693e8,,,,,,,,,,,
0x314bfdaeff6d6326c1d3b304c6728f8714919371,282.0,High deposits + retention but low score,0x4e68ccd3e89f51c3074ca5072bbac773960dfa36,,,,,,,,,,,,
0x342bf4e93930b576b24df05b44dd845305d87e0d,294.3,High deposits + retention but low score,0x4e68ccd3e89f51c3074ca5072bbac773960dfa36,0x4585fe77225b41b697c938b018e2ac67ac5a20c0,,,,,,,,,,,
0x33b78ff3c8667c8a2bb2082abbe3cfd0c8fd1349,265.2,High deposits + retention but low score,0xdfcfdf5dd0569d591e0bce28b5da3b13de09e3cb,,,,,,,,,,,,
0x3374ceb9f767ff1e0e471d27a8bd127319c86898,124.1,High deposits + retention but low score,0xa6cc3c2531fdaa6ae1a3ca84c2855806728693e8,,,,,,,,,,,,
0x35c8d7016549fcb9b4a1390367b55a1fd4010d6e,281.56,High deposits + retention but low score,0x167384319b41f7094e62f7506409eb38079abff8,0x4585fe77225b41b697c938b018e2ac67ac5a20c0,0x50eaedb835021e4a108b7290636d62e9765cc6d7,,,,,,,,,,
0x3733e403164a3dc9234afc393610b96530db37d0,174.25,High deposits + retention but low score,0x4585fe77225b41b697c938b018e2ac67ac5a20c0,,,,,,,,,,,,
0x3923a6b5f3b3c5a25bf3342e890b9d718d54801c,237.15,High deposits + retention but low score,0x4585fe77225b41b697c938b018e2ac67ac5a20c0,,,,,,,,,,,,
0x3c85813263bade9ece7191926133b59b7ae527d4,221.0,High deposits + retention but low score,0xdfcfdf5dd0569d591e0bce28b5da3b13de09e3cb,,,,,,,,,,,,
0x3e3f00cac27d556357b250e889dc7c027fb7942b,243.0,High deposits + retention but low score,0x4e68ccd3e89f51c3074ca5072bbac773960dfa36,,,,,,,,,,,,
0x440817005c523a2caa264618dc7ee8623d62c452,281.51,High deposits + retention but low score,0x167384319b41f7094e62f7506409eb38079abff8,0x4585fe77225b41b697c938b018e2ac67ac5a20c0,0x50eaedb835021e4a108b7290636d62e9765cc6d7,,,,,,,,,,
0x46c96eae5c78fd0b0a6958dbb16e8feb6c9b114a,264.35,High deposits + retention but low score,0x4585fe77225b41b697c938b018e2ac67ac5a20c0,,,,,,,,,,,,
0x46bcf9c0f0a59eda5d2350abb5d584c07cd61d0b,265.98,High deposits + retention but low score,0x4e68ccd3e89f51c3074ca5072bbac773960dfa36,0xcbfb0745b8489973bf7b334d54fdbd573df7ef3c,,,,,,,,,,,
0x4748c6d9b5db06940028d523ca536ea4c582fb12,251.86,High deposits + retention but low score,0x4585fe77225b41b697c938b018e2ac67ac5a20c0,0x8ad599c3a0ff1de082011efddc58f1908eb6e6d8,,,,,,,,,,,
0x4992f240600f8d5ac2f1cb1429a6d56cc0d5af88,165.0,High deposits + retention but low score,0x4e68ccd3e89f51c3074ca5072bbac773960dfa36,,,,,,,,,,,,
0x48c09704bee3402385968139000f97035d131f54,295.8,High deposits + retention but low score,0xba3f945812a83471d709bce9c3ca699a19fb46f7,,,,,,,,,,,,
0x48979f0aa32100127bf45f60ca230267bcf9ffcc,244.0,High deposits + retention but low score,0x4e68ccd3e89f51c3074ca5072bbac773960dfa36,,,,,,,,,,,,
0x4d8091d890079eecc0f42e25fea2319e014c9a80,257.0,High deposits + retention but low score,0x4ccd010148379ea531d6c587cfdd60180196f9b1,,,,,,,,,,,,
0x4cc48f2c8d65f56e9e12f3802a97fe82f58a2ee2,216.38,High deposits + retention but low score,0xc9034c3e7f58003e6ae0c8438e7c8f4598d5acaa,0xba3f945812a83471d709bce9c3ca699a19fb46f7,0xade9bcd4b968ee26bed102dd43a55f6a8c2416df,,,,,,,,,,
0x4fed5491693007f0cd49f4614ffc38ab6a04b619,277.1,High deposits + retention but low score,0xd0b53d9277642d899df5c87a3966a349a798f224,0xc9034c3e7f58003e6ae0c8438e7c8f4598d5acaa,0x50eaedb835021e4a108b7290636d62e9765cc6d7,,,,,,,,,,
0x4fe06b9d287f4b355e616e5858d79e08418ae7be,194.65,High deposits + retention but low score,0x4585fe77225b41b697c938b018e2ac67ac5a20c0,,,,,,,,,,,,
0x506be3627d3182bf2cff1f73854a0fea34ee24e3,270.3,High deposits + retention but low score,0xe8c6c9227491c0a8156a0106a0204d881bb7e531,,,,,,,,,,,,
0x5332b0d4b70517267da7a23185f9e309a46398ad,212.0,High deposits + retention but low score,0x4e68ccd3e89f51c3074ca5072bbac773960dfa36,,,,,,,,,,,,
0x535f00c088e938af483243b767855d82dce71506,210.0,High deposits + retention but low score,0x4e68ccd3e89f51c3074ca5072bbac773960dfa36,,,,,,,,,,,,
0x54658ca782e1461e08f12a96cf0a5e3eebd3d689,186.71,High deposits + retention but low score,0xe8c6c9227491c0a8156a0106a0204d881bb7e531,0xa6cc3c2531fdaa6ae1a3ca84c2855806728693e8,,,,,,,,,,,
0x5557c85bcb9f43403e74ad07b2bc093de8d4e24c,292.0,High deposits + retention but low score,0x4e68ccd3e89f51c3074ca5072bbac773960dfa36,,,,,,,,,,,,
0x55e1490a1878d0b61811726e2cb96560022e764c,263.0,High deposits + retention but low score,0x4e68ccd3e89f51c3074ca5072bbac773960dfa36,,,,,,,,,,,,
0x552e978b72557082615d793397e5ba7866b8a7e9,216.0,High deposits + retention but low score,0x4e68ccd3e89f51c3074ca5072bbac773960dfa36,,,,,,,,,,,,
0x560fefc8f45b8d43f86f79f718dd0364d42037bd,293.0,High deposits + retention but low score,0x4e68ccd3e89f51c3074ca5072bbac773960dfa36,,,,,,,,,,,,
0x56446712b219fcc34a5604f5e7af5d50d65b6647,289.0,High deposits + retention but low score,0xe8c6c9227491c0a8156a0106a0204d881bb7e531,,,,,,,,,,,,
0x575e3fa1608ec75e20d91b383f15186d1228fe98,252.51,High deposits + retention but low score,0x4e68ccd3e89f51c3074ca5072bbac773960dfa36,0x4ccd010148379ea531d6c587cfdd60180196f9b1,0x8ad599c3a0ff1de082011efddc58f1908eb6e6d8,0x50eaedb835021e4a108b7290636d62e9765cc6d7,,,,,,,,,
0x57db5d6aa783cf29af41330569d24957140fd3eb,274.57,High deposits + retention but low score,0x4585fe77225b41b697c938b018e2ac67ac5a20c0,0xe8c6c9227491c0a8156a0106a0204d881bb7e531,,,,,,,,,,,
0x57db2d7d80fc2669a67f32e6fd1e5c22846eb150,220.0,High deposits + retention but low score,0x4e68ccd3e89f51c3074ca5072bbac773960dfa36,,,,,,,,,,,,
0x5cad3614298c06eae249685391ba160a8fa023f7,277.0,High deposits + retention but low score,0x4e68ccd3e89f51c3074ca5072bbac773960dfa36,,,,,,,,,,,,
0x5e190617c7cfb30c3c87dd55920e117280d3f8e6,265.06,High deposits + retention but low score,0x167384319b41f7094e62f7506409eb38079abff8,0xdac8a8e6dbf8c690ec6815e0ff03491b2770255d,0xc9034c3e7f58003e6ae0c8438e7c8f4598d5acaa,0x4585fe77225b41b697c938b018e2ac67ac5a20c0,,,,,,,,,
0x5e3b3dee2912063294b71af0a327fb285b49e07a,231.73,High deposits + retention but low score,0x167384319b41f7094e62f7506409eb38079abff8,0x50eaedb835021e4a108b7290636d62e9765cc6d7,,,,,,,,,,,
0x5e0a1b359754ecdae800c28b5167f36012bed9ef,273.51,High deposits + retention but low score,0x4e68ccd3e89f51c3074ca5072bbac773960dfa36,0x4585fe77225b41b697c938b018e2ac67ac5a20c0,,,,,,,,,,,
0x5f209e6e33da646663005f81d3aa6018847c8a5b,269.45,High deposits + retention but low score,0x4585fe77225b41b697c938b018e2ac67ac5a20c0,,,,,,,,,,,,
0x6173cbc01a151738a665755491461d9b4eeea491,194.48,High deposits + retention but low score,0x4e68ccd3e89f51c3074ca5072bbac773960dfa36,0x8ad599c3a0ff1de082011efddc58f1908eb6e6d8,,,,,,,,,,,
0x62617470c1c3f1f9a47c8bb8182dfea286d7b443,154.0,High deposits + retention but low score,0x4e68ccd3e89f51c3074ca5072bbac773960dfa36,,,,,,,,,,,,
0x635f2f87f87d1c498efe8970b9bab47a723d73ca,138.55,High deposits + retention but low score,0xe8c6c9227491c0a8156a0106a0204d881bb7e531,,,,,,,,,,,,
0x62e0e49b735c37af009c77ff0ff9fbc26854bbb6,191.25,High deposits + retention but low score,0x4585fe77225b41b697c938b018e2ac67ac5a20c0,,,,,,,,,,,,
0x640e77d985d9462c4344d33a49fb3cd54040f2e9,288.0,High deposits + retention but low score,0x8ad599c3a0ff1de082011efddc58f1908eb6e6d8,,,,,,,,,,,,
0x63e4b93d74200b5df21da3c896c0f6541b555932,289.0,High deposits + retention but low score,0x4585fe77225b41b697c938b018e2ac67ac5a20c0,,,,,,,,,,,,
0x63b406493cc96f738d519e0f3027a034c430eb6f,261.27,High deposits + retention but low score,0x4585fe77225b41b697c938b018e2ac67ac5a20c0,0x8ad599c3a0ff1de082011efddc58f1908eb6e6d8,,,,,,,,,,,
0x63cef127752114a55ebdddbeddbac08ee0e24425,283.9,High deposits + retention but low score,0xa6cc3c2531fdaa6ae1a3ca84c2855806728693e8,,,,,,,,,,,,
0x647eec4fe399c3f79a413b85eb524c218f911a44,223.0,High deposits + retention but low score,0x4e68ccd3e89f51c3074ca5072bbac773960dfa36,,,,,,,,,,,,
0x64c3ce1ee9705723acbfeca1d80b21bfb88e9de9,288.25,High deposits + retention but low score,0x167384319b41f7094e62f7506409eb38079abff8,0x50eaedb835021e4a108b7290636d62e9765cc6d7,,,,,,,,,,,
0x67164911d709befeb148528225520f08f91e6256,211.0,High deposits + retention but low score,0x4e68ccd3e89f51c3074ca5072bbac773960dfa36,,,,,,,,,,,,
0x67eb87fa6f2a81f864575b3930292a322b5cf9fa,287.0,High deposits + retention but low score,0x8ad599c3a0ff1de082011efddc58f1908eb6e6d8,,,,,,,,,,,,
0x67d21ebd269d61ef8cd9f0f3698869b3d818a4b5,256.7,High deposits + retention but low score,0xdfcfdf5dd0569d591e0bce28b5da3b13de09e3cb,,,,,,,,,,,,
0x684d056add424f44a9c816d62ff776ec399c6407,255.85,High deposits + retention but low score,0xdfcfdf5dd0569d591e0bce28b5da3b13de09e3cb,,,,,,,,,,,,
0x683a15c0ed5ea4a9c247ffaee4f49ad36583b48b,222.23,High deposits + retention but low score,0x4e68ccd3e89f51c3074ca5072bbac773960dfa36,0xdac8a8e6dbf8c690ec6815e0ff03491b2770255d,0x50eaedb835021e4a108b7290636d62e9765cc6d7,,,,,,,,,,
0x67eb0b7bbe5eec90b5c3d230954866b529116f68,278.29,High deposits + retention but low score,0x167384319b41f7094e62f7506409eb38079abff8,0xdac8a8e6dbf8c690ec6815e0ff03491b2770255d,0x50eaedb835021e4a108b7290636d62e9765cc6d7,0x45dda9cb7c25131df268515131f647d726f50608,,,,,,,,,
0x69873461b8f29f3a3d35449e2173040e0aa1571d,280.5,High deposits + retention but low score,0x4585fe77225b41b697c938b018e2ac67ac5a20c0,,,,,,,,,,,,
0x6cf9aa65ebad7028536e353393630e2340ca6049,243.1,High deposits + retention but low score,0x4585fe77225b41b697c938b018e2ac67ac5a20c0,,,,,,,,,,,,
0x6c1333b30c53f132dd2d928d27892d89f110cbf8,296.01,High deposits + retention but low score,0x4585fe77225b41b697c938b018e2ac67ac5a20c0,0xd0b53d9277642d899df5c87a3966a349a798f224,0x50eaedb835021e4a108b7290636d62e9765cc6d7,,,,,,,,,,
0x6c2c092f0ec6ea20f8fbc5cc7e6299f83ac099e6,217.61,High deposits + retention but low score,0x167384319b41f7094e62f7506409eb38079abff8,0xdac8a8e6dbf8c690ec6815e0ff03491b2770255d,0x50eaedb835021e4a108b7290636d62e9765cc6d7,,,,,,,,,,
0x6e348951964c7398ed0bd290fc328dbcc56e4500,210.8,High deposits + retention but low score,0x4585fe77225b41b697c938b018e2ac67ac5a20c0,,,,,,,,,,,,
0x6f45de9817878b302186f56b38c4c1f2533b660f,253.92,High deposits + retention but low score,0x4585fe77225b41b697c938b018e2ac67ac5a20c0,0x8ad599c3a0ff1de082011efddc58f1908eb6e6d8,,,,,,,,,,,
0x70137758351e0896c654d428f24fda3642cb542b,200.0,High deposits + retention but low score,0x4e68ccd3e89f51c3074ca5072bbac773960dfa36,,,,,,,,,,,,
0x703218d111ad0c80f6c68e573e4e57b6d7893982,182.75,High deposits + retention but low score,0x4585fe77225b41b697c938b018e2ac67ac5a20c0,,,,,,,,,,,,
0x70cb64fc8a03a979edd1bddc2801a763ad108a9b,251.0,High deposits + retention but low score,0x8ad599c3a0ff1de082011efddc58f1908eb6e6d8,,,,,,,,,,,,
0x70715ba0bc4497f4ee1e4616271cda5f62b8d229,275.4,High deposits + retention but low score,0xe8c6c9227491c0a8156a0106a0204d881bb7e531,,,,,,,,,,,,
0x70fcbd3f1abbc076259b2f200171b067d7ca75b0,234.0,High deposits + retention but low score,0x4e68ccd3e89f51c3074ca5072bbac773960dfa36,,,,,,,,,,,,
0x72f0776273840f723505fd59e84c64d48c3cdfc5,262.0,High deposits + retention but low score,0x4e68ccd3e89f51c3074ca5072bbac773960dfa36,,,,,,,,,,,,
0x7306f452cff0e6a4923fc7d9fdbb490e3ce2a9ca,277.95,High deposits + retention but low score,0x4585fe77225b41b697c938b018e2ac67ac5a20c0,,,,,,,,,,,,
0x74e1cfa88c2294c72f8e79babc93583323191e35,192.95,High deposits + retention but low score,0xa6cc3c2531fdaa6ae1a3ca84c2855806728693e8,,,,,,,,,,,,
0x74dc3ff9e2d1230cc2fbaeb712289650451acc1c,179.35,High deposits + retention but low score,0x4585fe77225b41b697c938b018e2ac67ac5a20c0,,,,,,,,,,,,
0x764c4062b10a7e27408267900072da70feaaa729,264.0,High deposits + retention but low score,0x4e68ccd3e89f51c3074ca5072bbac773960dfa36,,,,,,,,,,,,
0x7834c1b8025607729cbb50c5eac214448c7cf01c,273.68,High deposits + retention but low score,0x50eaedb835021e4a108b7290636d62e9765cc6d7,0x45dda9cb7c25131df268515131f647d726f50608,,,,,,,,,,,
0x7966b55262dabc7c8fdd3e0e17ec7880e4d47207,266.05,High deposits + retention but low score,0x4585fe77225b41b697c938b018e2ac67ac5a20c0,,,,,,,,,,,,
0x7aa9d09a6d283f5b5ec724d7dd8fa70673553183,238.0,High deposits + retention but low score,0xe8c6c9227491c0a8156a0106a0204d881bb7e531,,,,,,,,,,,,
0x7a5d4430674cbd44b328d311a28d6be5405b3bfb,194.65,High deposits + retention but low score,0x4585fe77225b41b697c938b018e2ac67ac5a20c0,,,,,,,,,,,,
0x7c132bde28ad1e0101d45121757d7c6c2e8a550a,198.05,High deposits + retention but low score,0xe8c6c9227491c0a8156a0106a0204d881bb7e531,,,,,,,,,,,,
0x7d4c60a3c7beb5e7ace45e767090d20cdc5128ec,232.05,High deposits + retention but low score,0xe8c6c9227491c0a8156a0106a0204d881bb7e531,,,,,,,,,,,,
0x7f00f4b9e6c5a4bafd44fd0db735d972e82487e2,218.98,High deposits + retention but low score,0xade9bcd4b968ee26bed102dd43a55f6a8c2416df,0x7ec18abf80e865c6799069df91073335935c4185,,,,,,,,,,,
0x8172e7bfec49a77d39c0fe08ead98e7ff105a734,272.0,High deposits + retention but low score,0x4e68ccd3e89f51c3074ca5072bbac773960dfa36,,,,,,,,,,,,
0x829148aba1177c4b6a6a3dbca3e165fd34094e1b,265.2,High deposits + retention but low score,0x4585fe77225b41b697c938b018e2ac67ac5a20c0,,,,,,,,,,,,
0x8299d2f0f3eba5b29b80d1a9d6baf66a9e439627,198.05,High deposits + retention but low score,0x4585fe77225b41b697c938b018e2ac67ac5a20c0,,,,,,,,,,,,
0x82e8936b187d83fd6eb2b7dab5b19556e9deff1c,236.96,High deposits + retention but low score,0x4585fe77225b41b697c938b018e2ac67ac5a20c0,0x50eaedb835021e4a108b7290636d62e9765cc6d7,0x45dda9cb7c25131df268515131f647d726f50608,,,,,,,,,,
0x839a9d9c7f66b997fed8a092d3886b6685575ef2,193.0,High deposits + retention but low score,0x4e68ccd3e89f51c3074ca5072bbac773960dfa36,,,,,,,,,,,,
0x850303bbf7a8282fba8f08033fa5f36b390d33a3,295.8,High deposits + retention but low score,0x4585fe77225b41b697c938b018e2ac67ac5a20c0,,,,,,,,,,,,
0x860a5218f3c1c16bfeb60b57f9f5bc4dbd323650,293.0,High deposits + retention but low score,0x4e68ccd3e89f51c3074ca5072bbac773960dfa36,,,,,,,,,,,,
0x8615cd1b38907df2d718ea7a72960620f6b27639,288.15,High deposits + retention but low score,0x50eaedb835021e4a108b7290636d62e9765cc6d7,,,,,,,,,,,,
0x864753478c8513a906671c0492e3b05abba945f6,278.0,High deposits + retention but low score,0x4e68ccd3e89f51c3074ca5072bbac773960dfa36,,,,,,,,,,,,
0x87ee6be7a1f8cfdf1a76d823bc1fefaf082130d1,241.4,High deposits + retention but low score,0x4585fe77225b41b697c938b018e2ac67ac5a20c0,,,,,,,,,,,,
0x872326c3915202eca6fb5db6fa0c99c3d5e3bece,265.2,High deposits + retention but low score,0x4585fe77225b41b697c938b018e2ac67ac5a20c0,,,,,,,,,,,,
0x87c02c387daf4f41aa1476c3e6d0e3b60d8a65d9,283.05,High deposits + retention but low score,0x4585fe77225b41b697c938b018e2ac67ac5a20c0,,,,,,,,,,,,
0x87e6888935180a9b27a9b48b75c9b779bfec1f76,221.0,High deposits + retention but low score,0x4e68ccd3e89f51c3074ca5072bbac773960dfa36,,,,,,,,,,,,
0x88cd0bfae525be3cd933722f040ecfb93edd8344,271.78,High deposits + retention but low score,0x4585fe77225b41b697c938b018e2ac67ac5a20c0,0xa6cc3c2531fdaa6ae1a3ca84c2855806728693e8,,,,,,,,,,,
0x89636bd66c3082f6e48175d75b9a485df07de77a,226.95,High deposits + retention but low score,0xdfcfdf5dd0569d591e0bce28b5da3b13de09e3cb,,,,,,,,,,,,
0x895f1425bd7ee25ab889575cb57d5b949c026d80,235.0,High deposits + retention but low score,0x4e68ccd3e89f51c3074ca5072bbac773960dfa36,,,,,,,,,,,,
0x89baa413b12e14735223a1da18a3545bd266d758,256.7,High deposits + retention but low score,0xdfcfdf5dd0569d591e0bce28b5da3b13de09e3cb,,,,,,,,,,,,
0x8b451386f91551cc4143b9e35ec2c244551f188c,225.0,High deposits + retention but low score,0x45dda9cb7c25131df268515131f647d726f50608,,,,,,,,,,,,
0x8a3f56b83cbef1e77f9f3792b7ea0fb4c9457fb4,270.0,High deposits + retention but low score,0x4e68ccd3e89f51c3074ca5072bbac773960dfa36,,,,,,,,,,,,
0x8ae98e7e047fb6b4edf6af6e9282ec48d91daef1,283.93,High deposits + retention but low score,0x167384319b41f7094e62f7506409eb38079abff8,0x4585fe77225b41b697c938b018e2ac67ac5a20c0,0x50eaedb835021e4a108b7290636d62e9765cc6d7,,,,,,,,,,
0x8dbe8722557b97a956bac439858d107108cf7b8a,224.0,High deposits + retention but low score,0x4e68ccd3e89f51c3074ca5072bbac773960dfa36,,,,,,,,,,,,
0x9035b69186fca1a9a43d6d5aab62822ed666e6e0,268.0,High deposits + retention but low score,0x4e68ccd3e89f51c3074ca5072bbac773960dfa36,,,,,,,,,,,,
0x8f27fa136ff4da1796368380019029d81d12d06d,282.0,High deposits + retention but low score,0x167384319b41f7094e62f7506409eb38079abff8,0x4e68ccd3e89f51c3074ca5072bbac773960dfa36,,,,,,,,,,,
0x933f3b2879738e5239127548f90f8b28301a902e,242.8,High deposits + retention but low score,0x4585fe77225b41b697c938b018e2ac67ac5a20c0,0xa6cc3c2531fdaa6ae1a3ca84c2855806728693e8,,,,,,,,,,,
0x94b86a218264c7c424c1476160d675a05ecb0b3d,170.0,High deposits + retention but low score,0x4e68ccd3e89f51c3074ca5072bbac773960dfa36,,,,,,,,,,,,
0x94971e6151159730017c81e0ba1759dd3acee568,250.16,High deposits + retention but low score,0x167384319b41f7094e62f7506409eb38079abff8,0x50eaedb835021e4a108b7290636d62e9765cc6d7,,,,,,,,,,,
0x967bebe7a7b2c6e113a811966398a32328509e4d,287.3,High deposits + retention but low score,0xade9bcd4b968ee26bed102dd43a55f6a8c2416df,,,,,,,,,,,,
0x97e1e6c70fe9f2209792640336534bfc9f93aa7a,211.65,High deposits + retention but low score,0xe8c6c9227491c0a8156a0106a0204d881bb7e531,,,,,,,,,,,,
0x990144340ef9cec81451e79bfa3b7b4089d46034,187.0,High deposits + retention but low score,0x4e68ccd3e89f51c3074ca5072bbac773960dfa36,,,,,,,,,,,,
0x98e163be3d02a791a18cf0c0c508d136599d0af7,243.95,High deposits + retention but low score,0x4585fe77225b41b697c938b018e2ac67ac5a20c0,,,,,,,,,,,,
0x9be5c491f72a3538af7820c85902016c40bb0bee,284.0,High deposits + retention but low score,0x4e68ccd3e89f51c3074ca5072bbac773960dfa36,,,,,,,,,,,,
0x9a1a594ab853c6faddb30401d55909134657094a,257.71,High deposits + retention but low score,0xd2fdfd5059a83e15bf362f094a2ae63f03b554ca,0xba3f945812a83471d709bce9c3ca699a19fb46f7,0xade9bcd4b968ee26bed102dd43a55f6a8c2416df,,,,,,,,,,
0x9cab1a2b034de82a4de0b407588fb28b5aeb8d4d,251.6,High deposits + retention but low score,0x50eaedb835021e4a108b7290636d62e9765cc6d7,,,,,,,,,,,,
0x9ebfbd3b8610cc8fa3ac79ec53e2549db5e38836,278.95,High deposits + retention but low score,0x167384319b41f7094e62f7506409eb38079abff8,0xdac8a8e6dbf8c690ec6815e0ff03491b2770255d,0x50eaedb835021e4a108b7290636d62e9765cc6d7,,,,,,,,,,
0x9f07dc88dc450978e5ddf973f6a0236a7cfbf99a,256.38,High deposits + retention but low score,0x4e68ccd3e89f51c3074ca5072bbac773960dfa36,0x4585fe77225b41b697c938b018e2ac67ac5a20c0,,,,,,,,,,,
0xa11b6b523ae3e63164de5ab0c7d6d565e22e3f7b,259.0,High deposits + retention but low score,0x4e68ccd3e89f51c3074ca5072bbac773960dfa36,,,,,,,,,,,,
0x9f5c95ad8b967a2e9f71186c95e71e105c6c9a07,243.1,High deposits + retention but low score,0x50eaedb835021e4a108b7290636d62e9765cc6d7,,,,,,,,,,,,
0xa0310772b6dd6e849a1f318235818bfaf0af59ee,252.0,High deposits + retention but low score,0x4e68ccd3e89f51c3074ca5072bbac773960dfa36,,,,,,,,,,,,
0xa0869d9fd81553375eb04921f420a3684b0a9c31,273.15,High deposits + retention but low score,0x167384319b41f7094e62f7506409eb38079abff8,0x8ad599c3a0ff1de082011efddc58f1908eb6e6d8,0x4585fe77225b41b697c938b018e2ac67ac5a20c0,,,,,,,,,,
0xa1b698f3f0b40b50bd2bd038ae959ca938c5a3c7,277.57,High deposits + retention but low score,0x4e68ccd3e89f51c3074ca5072bbac773960dfa36,0xd0b53d9277642d899df5c87a3966a349a798f224,,,,,,,,,,,
0xa2c6817b00a8e45ed15438fdb79564316843c6d9,209.95,High deposits + retention but low score,0x4585fe77225b41b697c938b018e2ac67ac5a20c0,,,,,,,,,,,,
0xa3b1471cb44b75f66f31b4a215cf03a9df18a7ea,286.45,High deposits + retention but low score,0x4585fe77225b41b697c938b018e2ac67ac5a20c0,,,,,,,,,,,,
0xa38e88c6e6c76d1e7bee7f924168d33fec9ac47b,276.15,High deposits + retention but low score,0x167384319b41f7094e62f7506409eb38079abff8,0x50eaedb835021e4a108b7290636d62e9765cc6d7,0x45dda9cb7c25131df268515131f647d726f50608,,,,,,,,,,
0xa5135b90f6069437a26a018d8a2573a1f51e75c0,270.3,High deposits + retention but low score,0x167384319b41f7094e62f7506409eb38079abff8,,,,,,,,,,,,
0xa5ab1a88b6c8a84b50cf7257f504ccd8d610908e,192.1,High deposits + retention but low score,0x4585fe77225b41b697c938b018e2ac67ac5a20c0,,,,,,,,,,,,
0xa86f567df1fcb55339d0e619669ab9e5a759c1dc,190.4,High deposits + retention but low score,0x4585fe77225b41b697c938b018e2ac67ac5a20c0,,,,,,,,,,,,
0xa8ebe1eed676d5bfeb7f7b5933625281489af8a3,238.0,High deposits + retention but low score,0x4e68ccd3e89f51c3074ca5072bbac773960dfa36,,,,,,,,,,,,
0xaa11e2c44d714940571f8cf770c4135162be465f,230.35,High deposits + retention but low score,0xba3f945812a83471d709bce9c3ca699a19fb46f7,,,,,,,,,,,,
0xaa3c2818cc5caafbfd4258e0244739b53bb5990a,293.0,High deposits + retention but low score,0x4e68ccd3e89f51c3074ca5072bbac773960dfa36,,,,,,,,,,,,
0xaa91aa3bc6afc04e49ac01f548a295e0e9984452,284.75,High deposits + retention but low score,0x50eaedb835021e4a108b7290636d62e9765cc6d7,,,,,,,,,,,,
0xac4b834fe8065473d000aac5c20b327a020912b1,227.8,High deposits + retention but low score,0x167384319b41f7094e62f7506409eb38079abff8,,,,,,,,,,,,
0xabfff784e51016f48fd5119fd6ae522218c22885,292.94,High deposits + retention but low score,0x4585fe77225b41b697c938b018e2ac67ac5a20c0,0xa6cc3c2531fdaa6ae1a3ca84c2855806728693e8,,,,,,,,,,,
0xac32eafccad3c8577fb2e842dce8e441d9a7db85,211.65,High deposits + retention but low score,0x4585fe77225b41b697c938b018e2ac67ac5a20c0,,,,,,,,,,,,
0xad3ca1f87ee74f4690c45f448f742fac3f3d32b6,254.11,High deposits + retention but low score,0x167384319b41f7094e62f7506409eb38079abff8,0x50eaedb835021e4a108b7290636d62e9765cc6d7,,,,,,,,,,,
0xadaca862b23044a0018b2144e891755f116a4071,285.6,High deposits + retention but low score,0xe8c6c9227491c0a8156a0106a0204d881bb7e531,,,,,,,,,,,,
0xaf5e2596607097a73e3166453b629a7b0e19565e,273.0,High deposits + retention but low score,0x4e68ccd3e89f51c3074ca5072bbac773960dfa36,,,,,,,,,,,,
0xb3bdfd684930be660b0d85cc46b0724f6d5d839c,279.6,High deposits + retention but low score,0xd0b53d9277642d899df5c87a3966a349a798f224,0xba3f945812a83471d709bce9c3ca699a19fb46f7,0x7ec18abf80e865c6799069df91073335935c4185,,,,,,,,,,
0xb4f82c737969262514458b802cc578cbf95430ee,279.0,High deposits + retention but low score,0x4e68ccd3e89f51c3074ca5072bbac773960dfa36,,,,,,,,,,,,
0xb5a5a6e4ef0c615b78fefe5179afb7f3d9cb52b1,285.81,High deposits + retention but low score,0x4585fe77225b41b697c938b018e2ac67ac5a20c0,0x50eaedb835021e4a108b7290636d62e9765cc6d7,,,,,,,,,,,
0xbbaac125dce2b69d2a516c90559af1ed7b7d5eaf,219.3,High deposits + retention but low score,0x4585fe77225b41b697c938b018e2ac67ac5a20c0,,,,,,,,,,,,
0xbb94454697af498c3b1fdce3de65bbadf821cf0f,157.25,High deposits + retention but low score,0xe8c6c9227491c0a8156a0106a0204d881bb7e531,,,,,,,,,,,,
0xbc095b025a41453cb0564b30d1e54e340023a027,290.7,High deposits + retention but low score,0x50eaedb835021e4a108b7290636d62e9765cc6d7,,,,,,,,,,,,
0xbd153b2726201f99d0a567cfeb2fcfb5245d85dd,136.45,High deposits + retention but low score,0xc9034c3e7f58003e6ae0c8438e7c8f4598d5acaa,0xba3f945812a83471d709bce9c3ca699a19fb46f7,,,,,,,,,,,
0xbce6c8da74c37dff24b45bafbe8001371dead223,283.49,High deposits + retention but low score,0x4e68ccd3e89f51c3074ca5072bbac773960dfa36,0x4585fe77225b41b697c938b018e2ac67ac5a20c0,,,,,,,,,,,
0xbf52965a29ec0af078d23ac8173496b9efaf5bbb,237.15,High deposits + retention but low score,0x50eaedb835021e4a108b7290636d62e9765cc6d7,,,,,,,,,,,,
0xc15fc417a1bb9850d0d7c9b8c98d87c009597e08,292.4,High deposits + retention but low score,0x4585fe77225b41b697c938b018e2ac67ac5a20c0,,,,,,,,,,,,
0xc304d4993ff392f45c619d9458d21c6a8ca445c7,291.55,High deposits + retention but low score,0x4585fe77225b41b697c938b018e2ac67ac5a20c0,,,,,,,,,,,,
0xc436d659f0f22199ab294998de537f1bf45f1dc9,157.0,High deposits + retention but low score,0x4e68ccd3e89f51c3074ca5072bbac773960dfa36,,,,,,,,,,,,
0xc55fb62706c194c53fe91846ebb8ec23300454ba,254.0,High deposits + retention but low score,0x4e68ccd3e89f51c3074ca5072bbac773960dfa36,,,,,,,,,,,,
0xc52422db71975e2ce44f848639405df9b899767c,231.32,High deposits + retention but low score,0x4585fe77225b41b697c938b018e2ac67ac5a20c0,0x8ad599c3a0ff1de082011efddc58f1908eb6e6d8,,,,,,,,,,,
0xc6a5dca3af392923cf75db4aa0b6c0d071aac752,281.35,High deposits + retention but low score,0x50eaedb835021e4a108b7290636d62e9765cc6d7,,,,,,,,,,,,
0xc5e84c1d77727196abfa1f0314b72935c1890a93,218.0,High deposits + retention but low score,0x4e68ccd3e89f51c3074ca5072bbac773960dfa36,,,,,,,,,,,,
0xc6e963fe6d866a81072c425c4c53f60cffe09651,221.0,High deposits + retention but low score,0x4e68ccd3e89f51c3074ca5072bbac773960dfa36,,,,,,,,,,,,
0xc83e7b746c7035d193db5ffc6095c97715266b57,232.0,High deposits + retention but low score,0x4e68ccd3e89f51c3074ca5072bbac773960dfa36,,,,,,,,,,,,
0xcbb949eaa8944e0313b72dfebc01c6b1d085200e,267.75,High deposits + retention but low score,0x4585fe77225b41b697c938b018e2ac67ac5a20c0,,,,,,,,,,,,
0xcaacebe2fdac9d3783563b9b80c714df82705226,277.35,High deposits + retention but low score,0x4585fe77225b41b697c938b018e2ac67ac5a20c0,0xe8c6c9227491c0a8156a0106a0204d881bb7e531,,,,,,,,,,,
0xcb95adc017290330aa641df94c17b8f7539b553a,224.4,High deposits + retention but low score,0xa6cc3c2531fdaa6ae1a3ca84c2855806728693e8,,,,,,,,,,,,
0xcc4ea98876f3ee733712ac64137c34e637fc2dae,244.8,High deposits + retention but low score,0x4585fe77225b41b697c938b018e2ac67ac5a20c0,,,,,,,,,,,,
0xcde5869677ec175d5abfd296cba70f8601109e52,289.85,High deposits + retention but low score,0x4585fe77225b41b697c938b018e2ac67ac5a20c0,,,,,,,,,,,,
0xcda287cea5e380b0768e71bdb729f162f415f71a,257.91,High deposits + retention but low score,0x167384319b41f7094e62f7506409eb38079abff8,0x4585fe77225b41b697c938b018e2ac67ac5a20c0,0x50eaedb835021e4a108b7290636d62e9765cc6d7,,,,,,,,,,
0xcd66246b68c7cced1335dbf39101efc68d409cdd,239.0,High deposits + retention but low score,0x4e68ccd3e89f51c3074ca5072bbac773960dfa36,,,,,,,,,,,,
0xcfa496410f264f67f4b2227f11416b26885e0b96,269.0,High deposits + retention but low score,0x4e68ccd3e89f51c3074ca5072bbac773960dfa36,,,,,,,,,,,,
0xcfaba3994c45aa03e479000300801ae35b39c388,267.88,High deposits + retention but low score,0x4e68ccd3e89f51c3074ca5072bbac773960dfa36,0xa6cc3c2531fdaa6ae1a3ca84c2855806728693e8,0x7ec18abf80e865c6799069df91073335935c4185,,,,,,,,,,
0xd034bc419da809e48fd10e95dac3941bad4e1bc9,260.02,High deposits + retention but low score,0x4e68ccd3e89f51c3074ca5072bbac773960dfa36,0x8ad599c3a0ff1de082011efddc58f1908eb6e6d8,0xa6cc3c2531fdaa6ae1a3ca84c2855806728693e8,,,,,,,,,,
0xd1ddc0f727935f376ba6f9f51b1e0fb481c25fb1,280.0,High deposits + retention but low score,0x4e68ccd3e89f51c3074ca5072bbac773960dfa36,,,,,,,,,,,,
0xd21f16239ea1b99008f8e9f425c54ae7927d8151,287.0,High deposits + retention but low score,0x4e68ccd3e89f51c3074ca5072bbac773960dfa36,,,,,,,,,,,,
0xd3b1849b39c7ce63cf25b7f13c3015bdf2c00b03,246.5,High deposits + retention but low score,0x4585fe77225b41b697c938b018e2ac67ac5a20c0,,,,,,,,,,,,
0xd505fce5cd73172f748a14fa7113696418362e97,234.0,High deposits + retention but low score,0x4e68ccd3e89f51c3074ca5072bbac773960dfa36,,,,,,,,,,,,
0xd377b9259afecf8939239b153c83aba44614922e,184.64,High deposits + retention but low score,0x4e68ccd3e89f51c3074ca5072bbac773960dfa36,0xd0b53d9277642d899df5c87a3966a349a798f224,0xa6cc3c2531fdaa6ae1a3ca84c2855806728693e8,,,,,,,,,,
0xd6a9dfae5a23a86bb7101525a77c23783638a7fb,211.65,High deposits + retention but low score,0x4585fe77225b41b697c938b018e2ac67ac5a20c0,,,,,,,,,,,,
0xd8d5b0f7219aed171efb5ae2ac3b9941206f7349,271.15,High deposits + retention but low score,0xdfcfdf5dd0569d591e0bce28b5da3b13de09e3cb,,,,,,,,,,,,
0xdaf92fbda8495c2bd1e5dccc4801fee49a9d222a,229.0,High deposits + retention but low score,0x4e68ccd3e89f51c3074ca5072bbac773960dfa36,,,,,,,,,,,,
0xda0e9b090fa8559abbfa09ba755ea580b4c3a7e2,293.77,High deposits + retention but low score,0x4e68ccd3e89f51c3074ca5072bbac773960dfa36,0x8ad599c3a0ff1de082011efddc58f1908eb6e6d8,,,,,,,,,,,
0xddab1789e401a41251ae4ca43644c467232a2889,275.4,High deposits + retention but low score,0x4585fe77225b41b697c938b018e2ac67ac5a20c0,,,,,,,,,,,,
0xde5209f2ff10eefb8fd635235eef494d176f9b9b,225.51,High deposits + retention but low score,0x8ad599c3a0ff1de082011efddc58f1908eb6e6d8,0xd0b53d9277642d899df5c87a3966a349a798f224,0x45dda9cb7c25131df268515131f647d726f50608,0x50eaedb835021e4a108b7290636d62e9765cc6d7,0x4585fe77225b41b697c938b018e2ac67ac5a20c0,,,,,,,,
0xde8cd7ce750fb5977e9a0fc56949bc8248b19d2d,286.45,High deposits + retention but low score,0x4585fe77225b41b697c938b018e2ac67ac5a20c0,,,,,,,,,,,,
0xde555db193a3d9f10af6b633ebb29b7d902605a8,242.0,High deposits + retention but low score,0x4e68ccd3e89f51c3074ca5072bbac773960dfa36,,,,,,,,,,,,
0xdf0081f2855f4d9d19a53ee44c3a0a016d7fd58a,284.04,High deposits + retention but low score,0xe8c6c9227491c0a8156a0106a0204d881bb7e531,0xba3f945812a83471d709bce9c3ca699a19fb46f7,,,,,,,,,,,
0xdf833f835c29040597e3bb84e2edf554df25d3eb,174.43,High deposits + retention but low score,0xc9034c3e7f58003e6ae0c8438e7c8f4598d5acaa,0xba3f945812a83471d709bce9c3ca699a19fb46f7,,,,,,,,,,,
0xe1b3c49eb1379244e4d3bcc90dba738e4d167ebb,294.1,High deposits + retention but low score,0x4585fe77225b41b697c938b018e2ac67ac5a20c0,,,,,,,,,,,,
0xe1eb4cfc47bb10d9f6fceb07128105ff0b3d8eea,263.8,High deposits + retention but low score,0x167384319b41f7094e62f7506409eb38079abff8,0x4585fe77225b41b697c938b018e2ac67ac5a20c0,,,,,,,,,,,
0xe1731273c1262e458251abf722cf64c52f558c2a,273.7,High deposits + retention but low score,0xcfaf75a3d292c3535ea3acdb16ed2ee58c2bb091,,,,,,,,,,,,
0xe2e542137c7c8edac685584785c28cd20d327835,185.0,High deposits + retention but low score,0x4e68ccd3e89f51c3074ca5072bbac773960dfa36,,,,,,,,,,,,
0xe186138c14f727f9c34f37ad8fa20c0a7b7ef8d8,220.45,High deposits + retention but low score,0xdac8a8e6dbf8c690ec6815e0ff03491b2770255d,0x50eaedb835021e4a108b7290636d62e9765cc6d7,,,,,,,,,,,
0xe428c3fb75b6be3fecc2bfd026aff04b132fb00c,175.0,High deposits + retention but low score,0x4e68ccd3e89f51c3074ca5072bbac773960dfa36,,,,,,,,,,,,
0xe56611d02b6fb448b54d12a365b24931c8023c71,290.7,High deposits + retention but low score,0xe8c6c9227491c0a8156a0106a0204d881bb7e531,,,,,,,,,,,,
0xe54d527653a70686d5c9fa357e36f18c94f98374,254.0,High deposits + retention but low score,0x4e68ccd3e89f51c3074ca5072bbac773960dfa36,,,,,,,,,,,,
0xe60b5288f057e59beeed17999b98b572ddea4604,265.2,High deposits + retention but low score,0x4585fe77225b41b697c938b018e2ac67ac5a20c0,,,,,,,,,,,,
0xe7d88670da4e79f9eb4c42917ef2e44f736430a8,278.8,High deposits + retention but low score,0x50eaedb835021e4a108b7290636d62e9765cc6d7,,,,,,,,,,,,
0xe6e77e6f43ae9738241b5546a766410971c6823a,287.31,High deposits + retention but low score,0x4585fe77225b41b697c938b018e2ac67ac5a20c0,0xa6cc3c2531fdaa6ae1a3ca84c2855806728693e8,,,,,,,,,,,
0xe8a2da40f6bafc960beb8d5c4069b0817a02042f,167.45,High deposits + retention but low score,0x7ec18abf80e865c6799069df91073335935c4185,,,,,,,,,,,,
0xe843e7554011b20f07ce38eb47b2b4258580a5e2,289.85,High deposits + retention but low score,0x7ec18abf80e865c6799069df91073335935c4185,,,,,,,,,,,,
0xeb2eb5c68156250c368914761bb8f1208d56acd0,258.4,High deposits + retention but low score,0xa6cc3c2531fdaa6ae1a3ca84c2855806728693e8,,,,,,,,,,,,
0xebdbb4a9b9e2e41151938138bd789f38fe3af41d,229.5,High deposits + retention but low score,0x4585fe77225b41b697c938b018e2ac67ac5a20c0,,,,,,,,,,,,
0xec1e52dc255d7d2e753e5a1e23cbbf7450210e48,277.1,High deposits + retention but low score,0x4585fe77225b41b697c938b018e2ac67ac5a20c0,,,,,,,,,,,,
0xeeafa27955d69a543e4cd271f810d334c6d47c47,291.55,High deposits + retention but low score,0x7ec18abf80e865c6799069df91073335935c4185,,,,,,,,,,,,
0xeec9861ed3d849371b551899dcf43c5e3b44fcfe,271.54,High deposits + retention but low score,0x167384319b41f7094e62f7506409eb38079abff8,0xe8c6c9227491c0a8156a0106a0204d881bb7e531,0x4585fe77225b41b697c938b018e2ac67ac5a20c0,0xa6cc3c2531fdaa6ae1a3ca84c2855806728693e8,,,,,,,,,
0xefe5ad940744e90fb133336f8ac8d9269e2faa19,285.0,High deposits + retention but low score,0x4e68ccd3e89f51c3074ca5072bbac773960dfa36,,,,,,,,,,,,
0xf12d0f11a625013a88d5b3258bb80a3a02a5af6b,281.0,High deposits + retention but low score,0x4e68ccd3e89f51c3074ca5072bbac773960dfa36,,,,,,,,,,,,
0xefa6dbc560308338867ab6fa69a8c8f6bf14167e,243.1,High deposits + retention but low score,0x4585fe77225b41b697c938b018e2ac67ac5a20c0,,,,,,,,,,,,
0xefabe5c2765708eddd73ac4efe9adbe85c29655d,259.26,High deposits + retention but low score,0x4e68ccd3e89f51c3074ca5072bbac773960dfa36,0xdac8a8e6dbf8c690ec6815e0ff03491b2770255d,0xd0b53d9277642d899df5c87a3966a349a798f224,0x4585fe77225b41b697c938b018e2ac67ac5a20c0,,,,,,,,,
0xf3ae350440a5366793dc909db2f6098445eb8207,263.5,High deposits + retention but low score,0x4585fe77225b41b697c938b018e2ac67ac5a20c0,,,,,,,,,,,,
0xf5991b5d93707dc0881fbf8a523ae1cf01f33ecd,170.82,High deposits + retention but low score,0x167384319b41f7094e62f7506409eb38079abff8,0xe8c6c9227491c0a8156a0106a0204d881bb7e531,0x50eaedb835021e4a108b7290636d62e9765cc6d7,,,,,,,,,,
0xf6092c8af9f00a7d611f0a437997a98e28215c3b,291.55,High deposits + retention but low score,0x4585fe77225b41b697c938b018e2ac67ac5a20c0,,,,,,,,,,,,
0xf6aaada76ea7f044ffa028565b028740dce5389f,223.0,High deposits + retention but low score,0x8ad599c3a0ff1de082011efddc58f1908eb6e6d8,,,,,,,,,,,,
0xf6423ebaef6996aee56ecb1d49be02613af8555e,281.35,High deposits + retention but low score,0x4585fe77225b41b697c938b018e2ac67ac5a20c0,,,,,,,,,,,,
0xf78014f4e3ea2cd932689b04c6c4ba4fce4770dc,214.22,High deposits + retention but low score,0xc9034c3e7f58003e6ae0c8438e7c8f4598d5acaa,0xade9bcd4b968ee26bed102dd43a55f6a8c2416df,,,,,,,,,,,
0xf75a0bf2cb8c87ce64c4d379e4c9e55e7dec87be,168.0,High deposits + retention but low score,0x4e68ccd3e89f51c3074ca5072bbac773960dfa36,,,,,,,,,,,,
0xf82534fe81f19203160858f3503bf34639686994,274.0,High deposits + retention but low score,0x4e68ccd3e89f51c3074ca5072bbac773960dfa36,,,,,,,,,,,,
0xf7a39f021168808c845ed1b9cf5ad3ccdffbdfe2,250.75,High deposits + retention but low score,0xade9bcd4b968ee26bed102dd43a55f6a8c2416df,,,,,,,,,,,,
0xf8f5318fedc986e362a7b057177b7c812f6ddd5a,257.55,High deposits + retention but low score,0xdfcfdf5dd0569d591e0bce28b5da3b13de09e3cb,,,,,,,,,,,,
0xfa3f0e457c5a31a83e45ac8163f7631d3b50924e,293.0,High deposits + retention but low score,0x4e68ccd3e89f51c3074ca5072bbac773960dfa36,,,,,,,,,,,,
0xfa3fefa8f373a72607a6ad06c2670580babc691f,215.05,High deposits + retention but low score,0x7ec18abf80e865c6799069df91073335935c4185,,,,,,,,,,,,
0xfa2c72484e9eac75fb6ce94e8ee2132ca31aedfd,268.6,High deposits + retention but low score,0x4585fe77225b41b697c938b018e2ac67ac5a20c0,,,,,,,,,,,,
0xfb1ef481a685436c86177082f5f39826600f566d,226.1,High deposits + retention but low score,0x4585fe77225b41b697c938b018e2ac67ac5a20c0,,,,,,,,,,,,
0xf9e48e227cf4a097e379ac95f30ac61aa0b17338,238.39,High deposits + retention but low score,0x167384319b41f7094e62f7506409eb38079abff8,0x4ccd010148379ea531d6c587cfdd60180196f9b1,0x50eaedb835021e4a108b7290636d62e9765cc6d7,,,,,,,,,,
0xfc71a831061d8324d9b0d61692571346f1732cc5,209.95,High deposits + retention but low score,0x4585fe77225b41b697c938b018e2ac67ac5a20c0,,,,,,,,,,,,
0xfc36ecaebfc07b838f3a249f851f4157ec788ebc,243.33,High deposits + retention but low score,0x4585fe77225b41b697c938b018e2ac67ac5a20c0,0xe8c6c9227491c0a8156a0106a0204d881bb7e531,0x4e68ccd3e89f51c3074ca5072bbac773960dfa36,,,,,,,,,,
0xfcbd205d5edb1cb22b77252265c0960632bbdda8,170.12,High deposits + retention but low score,0xe8c6c9227491c0a8156a0106a0204d881bb7e531,0xa6cc3c2531fdaa6ae1a3ca84c2855806728693e8,0xade9bcd4b968ee26bed102dd43a55f6a8c2416df,0xd2fdfd5059a83e15bf362f094a2ae63f03b554ca,0xdac8a8e6dbf8c690ec6815e0ff03491b2770255d,0x50eaedb835021e4a108b7290636d62e9765cc6d7,,,,,,,
0xfdf6b3e404510af0c67b32369ca0874cb9d491fd,256.7,High deposits + retention but low score,0xba3f945812a83471d709bce9c3ca699a19fb46f7,,,,,,,,,,,,
0xff438e1120123cd9ff90485f71584fcc77665616,270.0,High deposits + retention but low score,0x4e68ccd3e89f51c3074ca5072bbac773960dfa36,,,,,,,,,,,,
0xfff240e84814259af67686b33ddfd240c5590096,278.0,High deposits + retention but low score,0x4e68ccd3e89f51c3074ca5072bbac773960dfa36,,,,,,,,,,,,
